utility_id,utility_name,country,scenario,year,demand_growth_pct,demand_twh,coal_mw,re_mw,re_twh,gas_twh,coal_cf,coal_twh,coal_share_pct,coal_mtco2,total_mtco2,re_absorbed_by_demand_pct
ID001,PLN,ID,A,2025,5.0,343.9,35000,476,0.9,79.1,0.7,214.6,72.8,195.3,226.9,0
ID001,PLN,ID,A,2026,5.0,361.1,35000,5156,9.9,79.1,0.7,214.6,70.7,195.3,226.9,100.0
ID001,PLN,ID,A,2027,5.0,379.1,35000,9837,19.0,79.1,0.7,214.6,68.6,195.3,226.9,100.0
ID001,PLN,ID,A,2028,5.0,398.1,35000,14517,28.0,79.1,0.7,214.6,66.7,195.3,226.9,100.0
ID001,PLN,ID,A,2029,5.0,418.0,35000,19198,37.0,79.1,0.7,214.6,64.9,195.3,226.9,100.0
ID001,PLN,ID,A,2030,5.0,438.9,35000,23878,46.0,79.1,0.7,214.6,63.2,195.3,226.9,100.0
ID001,PLN,ID,A,2031,5.0,460.8,35000,28559,55.0,79.1,0.7,214.6,61.5,195.3,226.9,100.0
ID001,PLN,ID,A,2032,5.0,483.9,35000,33239,64.1,79.1,0.7,214.6,60.0,195.3,226.9,100.0
ID001,PLN,ID,A,2033,5.0,508.1,35000,37920,73.1,79.1,0.7,214.6,58.5,195.3,226.9,100.0
ID001,PLN,ID,A,2034,5.0,533.5,35000,42600,82.1,79.1,0.7,214.6,57.1,195.3,226.9,100.0
ID001,PLN,ID,A,2035,5.0,560.2,35000,47280,91.1,79.1,0.7,214.6,55.8,195.3,226.9,100.0
ID001,PLN,ID,B,2025,3.0,343.9,35000,476,0.9,79.1,0.7,214.6,72.8,195.3,226.9,0
ID001,PLN,ID,B,2026,3.0,354.2,35000,7497,14.4,79.1,0.7,214.6,69.6,195.3,226.9,76.2
ID001,PLN,ID,B,2027,3.0,364.8,35000,14517,28.0,79.1,0.7,214.6,66.7,195.3,226.9,77.4
ID001,PLN,ID,B,2028,3.0,375.8,35000,21538,41.5,79.1,0.7,214.6,64.0,195.3,226.9,78.6
ID001,PLN,ID,B,2029,3.0,387.1,35000,28559,55.0,79.1,0.7,214.6,61.5,195.3,226.9,79.8
ID001,PLN,ID,B,2030,3.0,398.7,35000,35579,68.6,79.1,0.7,214.6,59.2,195.3,226.9,81.0
ID001,PLN,ID,B,2031,3.0,410.6,35000,42600,82.1,79.1,0.7,214.6,57.1,195.3,226.9,82.2
ID001,PLN,ID,B,2032,3.0,422.9,35000,49621,95.6,79.1,0.7,214.6,55.1,195.3,226.9,83.5
ID001,PLN,ID,B,2033,3.0,435.6,35000,56641,109.2,79.1,0.7,214.6,53.3,195.3,226.9,84.8
ID001,PLN,ID,B,2034,3.0,448.7,35000,63662,122.7,79.1,0.7,214.6,51.5,195.3,226.9,86.1
ID001,PLN,ID,B,2035,3.0,462.2,35000,70683,136.2,79.1,0.7,214.6,49.9,195.3,226.9,87.4
ID001,PLN,ID,C,2025,2.0,343.9,35000,476,0.9,79.1,0.7,214.6,72.8,195.3,226.9,0
ID001,PLN,ID,C,2026,2.0,350.8,35000,9837,19.0,79.1,0.7,214.6,68.6,195.3,226.9,38.1
ID001,PLN,ID,C,2027,2.0,357.8,35000,19198,37.0,79.1,0.7,214.6,64.9,195.3,226.9,38.5
ID001,PLN,ID,C,2028,2.0,364.9,35000,28559,55.0,79.1,0.7,214.6,61.5,195.3,226.9,38.9
ID001,PLN,ID,C,2029,2.0,372.2,35000,37920,73.1,79.1,0.7,214.6,58.5,195.3,226.9,39.3
ID001,PLN,ID,C,2030,2.0,379.7,35000,47280,91.1,79.1,0.683,209.5,55.2,190.6,222.3,39.7
ID001,PLN,ID,C,2031,2.0,387.3,35000,56641,109.2,79.1,0.649,199.0,51.4,181.1,212.8,40.1
ID001,PLN,ID,C,2032,2.0,395.0,35000,66002,127.2,79.1,0.616,188.7,47.8,171.7,203.4,40.5
ID001,PLN,ID,C,2033,2.0,402.9,35000,75363,145.2,79.1,0.582,178.6,44.3,162.5,194.2,40.9
ID001,PLN,ID,C,2034,2.0,411.0,35000,84724,163.3,79.1,0.55,168.6,41.0,153.4,185.1,41.3
ID001,PLN,ID,C,2035,2.0,419.2,35000,94085,181.3,79.1,0.518,158.8,37.9,144.5,176.1,41.7
ID001,PLN,ID,D,2025,0.0,343.9,35000,476,0.9,79.1,0.7,214.6,72.8,195.3,226.9,0
ID001,PLN,ID,D,2026,0.0,343.9,35000,9837,19.0,79.1,0.7,214.6,68.6,195.3,226.9,0.0
ID001,PLN,ID,D,2027,0.0,343.9,35000,19198,37.0,79.1,0.7,214.6,64.9,195.3,226.9,0.0
ID001,PLN,ID,D,2028,0.0,343.9,35000,28559,55.0,79.1,0.684,209.8,61.0,190.9,222.5,0.0
ID001,PLN,ID,D,2029,0.0,343.9,35000,37920,73.1,79.1,0.625,191.7,55.7,174.5,206.1,0.0
ID001,PLN,ID,D,2030,0.0,343.9,35000,47280,91.1,79.1,0.566,173.7,50.5,158.0,189.7,0.0
ID001,PLN,ID,D,2031,0.0,343.9,35000,56641,109.2,79.1,0.508,155.6,45.3,141.6,173.3,0.0
ID001,PLN,ID,D,2032,0.0,343.9,35000,66002,127.2,79.1,0.449,137.6,40.0,125.2,156.9,0.0
ID001,PLN,ID,D,2033,0.0,343.9,35000,75363,145.2,79.1,0.4,122.6,35.3,111.6,143.2,0.0
ID001,PLN,ID,D,2034,0.0,343.9,35000,84724,163.3,79.1,0.4,122.6,33.6,111.6,143.2,0.0
ID001,PLN,ID,D,2035,0.0,343.9,35000,94085,181.3,79.1,0.4,122.6,32.0,111.6,143.2,0.0
IN001,NTPC,IN,A,2025,6.5,422.2,65194,10175,19.6,28.5,0.655,374.1,88.6,340.4,351.8,0
IN001,NTPC,IN,A,2026,6.5,449.7,65194,17293,33.3,28.5,0.679,387.8,86.2,352.9,364.3,100.0
IN001,NTPC,IN,A,2027,6.5,478.9,65194,24411,47.0,28.5,0.7,399.8,84.1,363.8,375.2,100.0
IN001,NTPC,IN,A,2028,6.5,510.0,65194,31529,60.8,28.5,0.7,399.8,81.7,363.8,375.2,100.0
IN001,NTPC,IN,A,2029,6.5,543.2,65194,38646,74.5,28.5,0.7,399.8,79.5,363.8,375.2,100.0
IN001,NTPC,IN,A,2030,6.5,578.5,65194,45764,88.2,28.5,0.7,399.8,77.4,363.8,375.2,100.0
IN001,NTPC,IN,A,2031,6.5,616.1,65194,52882,101.9,28.5,0.7,399.8,75.4,363.8,375.2,100.0
IN001,NTPC,IN,A,2032,6.5,656.1,65194,60000,115.6,28.5,0.7,399.8,73.5,363.8,375.2,100.0
IN001,NTPC,IN,A,2033,6.5,698.8,65194,67118,129.3,28.5,0.7,399.8,71.7,363.8,375.2,100.0
IN001,NTPC,IN,A,2034,6.5,744.2,65194,74236,143.1,28.5,0.7,399.8,70.0,363.8,375.2,100.0
IN001,NTPC,IN,A,2035,6.5,792.6,65194,81354,156.8,28.5,0.7,399.8,68.3,363.8,375.2,100.0
IN001,NTPC,IN,B,2025,4.5,422.2,65194,10175,19.6,28.5,0.655,374.1,88.6,340.4,351.8,0
IN001,NTPC,IN,B,2026,4.5,441.2,65194,20852,40.2,28.5,0.652,372.5,84.4,339.0,350.4,92.3
IN001,NTPC,IN,B,2027,4.5,461.1,65194,31529,60.8,28.5,0.651,371.8,80.6,338.3,349.7,94.4
IN001,NTPC,IN,B,2028,4.5,481.8,65194,42205,81.3,28.5,0.651,372.0,77.2,338.5,349.9,96.6
IN001,NTPC,IN,B,2029,4.5,503.5,65194,52882,101.9,28.5,0.653,373.1,74.1,339.5,350.9,98.8
IN001,NTPC,IN,B,2030,4.5,526.2,65194,63559,122.5,28.5,0.657,375.1,71.3,341.4,352.8,100.0
IN001,NTPC,IN,B,2031,4.5,549.8,65194,74236,143.1,28.5,0.662,378.2,68.8,344.2,355.6,100.0
IN001,NTPC,IN,B,2032,4.5,574.6,65194,84912,163.6,28.5,0.67,382.4,66.6,348.0,359.4,100.0
IN001,NTPC,IN,B,2033,4.5,600.4,65194,95589,184.2,28.5,0.679,387.7,64.6,352.8,364.2,100.0
IN001,NTPC,IN,B,2034,4.5,627.5,65194,106266,204.8,28.5,0.69,394.1,62.8,358.7,370.1,100.0
IN001,NTPC,IN,B,2035,4.5,655.7,65194,116943,225.4,28.5,0.7,399.8,61.2,363.8,375.2,100.0
IN001,NTPC,IN,C,2025,3.5,422.2,65194,10175,19.6,28.5,0.655,374.1,88.6,340.4,351.8,0
IN001,NTPC,IN,C,2026,3.5,437.0,65194,24411,47.0,28.5,0.633,361.4,82.7,328.9,340.3,53.9
IN001,NTPC,IN,C,2027,3.5,452.3,65194,38646,74.5,28.5,0.612,349.3,77.2,317.9,329.3,54.8
IN001,NTPC,IN,C,2028,3.5,468.1,65194,52882,101.9,28.5,0.591,337.7,72.1,307.3,318.7,55.8
IN001,NTPC,IN,C,2029,3.5,484.5,65194,67118,129.3,28.5,0.572,326.6,67.4,297.2,308.6,56.8
IN001,NTPC,IN,C,2030,3.5,501.5,65194,81354,156.8,28.5,0.554,316.2,63.0,287.7,299.1,57.8
IN001,NTPC,IN,C,2031,3.5,519.0,65194,95589,184.2,28.5,0.536,306.3,59.0,278.7,290.1,58.8
IN001,NTPC,IN,C,2032,3.5,537.2,65194,109825,211.7,28.5,0.52,297.0,55.3,270.3,281.7,59.9
IN001,NTPC,IN,C,2033,3.5,556.0,65194,124061,239.1,28.5,0.505,288.4,51.9,262.4,273.8,60.9
IN001,NTPC,IN,C,2034,3.5,575.4,65194,138296,266.5,28.5,0.491,280.4,48.7,255.2,266.6,62.1
IN001,NTPC,IN,C,2035,3.5,595.6,65194,152532,294.0,28.5,0.478,273.1,45.9,248.5,259.9,63.2
IN001,NTPC,IN,D,2025,0.0,422.2,65194,10175,19.6,28.5,0.655,374.1,88.6,340.4,351.8,0
IN001,NTPC,IN,D,2026,0.0,422.2,65194,24411,47.0,28.5,0.607,346.7,82.1,315.5,326.9,0.0
IN001,NTPC,IN,D,2027,0.0,422.2,65194,38646,74.5,28.5,0.559,319.2,75.6,290.5,301.9,0.0
IN001,NTPC,IN,D,2028,0.0,422.2,65194,52882,101.9,28.5,0.511,291.8,69.1,265.5,276.9,0.0
IN001,NTPC,IN,D,2029,0.0,422.2,65194,67118,129.3,28.5,0.463,264.3,62.6,240.6,252.0,0.0
IN001,NTPC,IN,D,2030,0.0,422.2,65194,81354,156.8,28.5,0.415,236.9,56.1,215.6,227.0,0.0
IN001,NTPC,IN,D,2031,0.0,422.2,65194,95589,184.2,28.5,0.4,228.4,51.8,207.9,219.3,0.0
IN001,NTPC,IN,D,2032,0.0,422.2,65194,109825,211.7,28.5,0.4,228.4,48.7,207.9,219.3,0.0
IN001,NTPC,IN,D,2033,0.0,422.2,65194,124061,239.1,28.5,0.4,228.4,46.1,207.9,219.3,0.0
IN001,NTPC,IN,D,2034,0.0,422.2,65194,138296,266.5,28.5,0.4,228.4,43.6,207.9,219.3,0.0
IN001,NTPC,IN,D,2035,0.0,422.2,65194,152532,294.0,28.5,0.4,228.4,41.5,207.9,219.3,0.0
IN002,Tata Power,IN,A,2025,6.5,64.7,7800,5220,10.1,0.5,0.7,47.8,82.0,43.5,43.7,0
IN002,Tata Power,IN,A,2026,6.5,68.9,7800,5742,11.1,0.5,0.7,47.8,80.6,43.5,43.7,100.0
IN002,Tata Power,IN,A,2027,6.5,73.4,7800,6264,12.1,0.5,0.7,47.8,79.2,43.5,43.7,100.0
IN002,Tata Power,IN,A,2028,6.5,78.2,7800,6786,13.1,0.5,0.7,47.8,77.9,43.5,43.7,100.0
IN002,Tata Power,IN,A,2029,6.5,83.2,7800,7308,14.1,0.5,0.7,47.8,76.7,43.5,43.7,100.0
IN002,Tata Power,IN,A,2030,6.5,88.6,7800,7830,15.1,0.5,0.7,47.8,75.4,43.5,43.7,100.0
IN002,Tata Power,IN,A,2031,6.5,94.4,7800,8352,16.1,0.5,0.7,47.8,74.3,43.5,43.7,100.0
IN002,Tata Power,IN,A,2032,6.5,100.5,7800,8874,17.1,0.5,0.7,47.8,73.1,43.5,43.7,100.0
IN002,Tata Power,IN,A,2033,6.5,107.1,7800,9396,18.1,0.5,0.7,47.8,72.0,43.5,43.7,100.0
IN002,Tata Power,IN,A,2034,6.5,114.0,7800,9918,19.1,0.5,0.7,47.8,70.9,43.5,43.7,100.0
IN002,Tata Power,IN,A,2035,6.5,121.5,7800,10440,20.1,0.5,0.7,47.8,69.9,43.5,43.7,100.0
IN002,Tata Power,IN,B,2025,4.5,64.7,7800,5220,10.1,0.5,0.7,47.8,82.0,43.5,43.7,0
IN002,Tata Power,IN,B,2026,4.5,67.6,7800,6003,11.6,0.5,0.7,47.8,79.9,43.5,43.7,100.0
IN002,Tata Power,IN,B,2027,4.5,70.7,7800,6786,13.1,0.5,0.7,47.8,77.9,43.5,43.7,100.0
IN002,Tata Power,IN,B,2028,4.5,73.8,7800,7569,14.6,0.5,0.7,47.8,76.1,43.5,43.7,100.0
IN002,Tata Power,IN,B,2029,4.5,77.2,7800,8352,16.1,0.5,0.7,47.8,74.3,43.5,43.7,100.0
IN002,Tata Power,IN,B,2030,4.5,80.6,7800,9135,17.6,0.5,0.7,47.8,72.6,43.5,43.7,100.0
IN002,Tata Power,IN,B,2031,4.5,84.3,7800,9918,19.1,0.5,0.7,47.8,70.9,43.5,43.7,100.0
IN002,Tata Power,IN,B,2032,4.5,88.0,7800,10701,20.6,0.5,0.7,47.8,69.4,43.5,43.7,100.0
IN002,Tata Power,IN,B,2033,4.5,92.0,7800,11484,22.1,0.5,0.7,47.8,67.9,43.5,43.7,100.0
IN002,Tata Power,IN,B,2034,4.5,96.2,7800,12267,23.6,0.5,0.7,47.8,66.5,43.5,43.7,100.0
IN002,Tata Power,IN,B,2035,4.5,100.5,7800,13050,25.1,0.5,0.7,47.8,65.1,43.5,43.7,100.0
IN002,Tata Power,IN,C,2025,3.5,64.7,7800,5220,10.1,0.5,0.7,47.8,82.0,43.5,43.7,0
IN002,Tata Power,IN,C,2026,3.5,67.0,7800,6264,12.1,0.5,0.7,47.8,79.2,43.5,43.7,100.0
IN002,Tata Power,IN,C,2027,3.5,69.3,7800,7308,14.1,0.5,0.7,47.8,76.7,43.5,43.7,100.0
IN002,Tata Power,IN,C,2028,3.5,71.7,7800,8352,16.1,0.5,0.7,47.8,74.3,43.5,43.7,100.0
IN002,Tata Power,IN,C,2029,3.5,74.2,7800,9396,18.1,0.5,0.7,47.8,72.0,43.5,43.7,100.0
IN002,Tata Power,IN,C,2030,3.5,76.8,7800,10440,20.1,0.5,0.7,47.8,69.9,43.5,43.7,100.0
IN002,Tata Power,IN,C,2031,3.5,79.5,7800,11484,22.1,0.5,0.7,47.8,67.9,43.5,43.7,100.0
IN002,Tata Power,IN,C,2032,3.5,82.3,7800,12528,24.1,0.5,0.7,47.8,66.0,43.5,43.7,100.0
IN002,Tata Power,IN,C,2033,3.5,85.2,7800,13572,26.2,0.5,0.7,47.8,64.2,43.5,43.7,100.0
IN002,Tata Power,IN,C,2034,3.5,88.2,7800,14616,28.2,0.5,0.7,47.8,62.5,43.5,43.7,100.0
IN002,Tata Power,IN,C,2035,3.5,91.3,7800,15660,30.2,0.5,0.7,47.8,60.9,43.5,43.7,100.0
IN002,Tata Power,IN,D,2025,0.0,64.7,7800,5220,10.1,0.5,0.7,47.8,82.0,43.5,43.7,0
IN002,Tata Power,IN,D,2026,0.0,64.7,7800,6264,12.1,0.5,0.7,47.8,79.2,43.5,43.7,0.0
IN002,Tata Power,IN,D,2027,0.0,64.7,7800,7308,14.1,0.5,0.7,47.8,76.7,43.5,43.7,0.0
IN002,Tata Power,IN,D,2028,0.0,64.7,7800,8352,16.1,0.5,0.7,47.8,74.3,43.5,43.7,0.0
IN002,Tata Power,IN,D,2029,0.0,64.7,7800,9396,18.1,0.5,0.675,46.1,71.3,42.0,42.2,0.0
IN002,Tata Power,IN,D,2030,0.0,64.7,7800,10440,20.1,0.5,0.646,44.1,68.2,40.1,40.3,0.0
IN002,Tata Power,IN,D,2031,0.0,64.7,7800,11484,22.1,0.5,0.616,42.1,65.1,38.3,38.5,0.0
IN002,Tata Power,IN,D,2032,0.0,64.7,7800,12528,24.1,0.5,0.587,40.1,62.0,36.5,36.7,0.0
IN002,Tata Power,IN,D,2033,0.0,64.7,7800,13572,26.2,0.5,0.557,38.1,58.8,34.6,34.8,0.0
IN002,Tata Power,IN,D,2034,0.0,64.7,7800,14616,28.2,0.5,0.528,36.1,55.7,32.8,33.0,0.0
IN002,Tata Power,IN,D,2035,0.0,64.7,7800,15660,30.2,0.5,0.498,34.0,52.6,31.0,31.2,0.0
IN003,Adani Power,IN,A,2025,6.5,85.5,15210,40,0.1,0.0,0.641,85.4,99.9,77.7,77.7,0
IN003,Adani Power,IN,A,2026,6.5,91.1,15210,44,0.1,0.0,0.683,91.0,99.9,82.8,82.8,100.0
IN003,Adani Power,IN,A,2027,6.5,97.0,15210,48,0.1,0.0,0.7,93.3,99.9,84.9,84.9,100.0
IN003,Adani Power,IN,A,2028,6.5,103.3,15210,52,0.1,0.0,0.7,93.3,99.9,84.9,84.9,100.0
IN003,Adani Power,IN,A,2029,6.5,110.0,15210,56,0.1,0.0,0.7,93.3,99.9,84.9,84.9,100.0
IN003,Adani Power,IN,A,2030,6.5,117.1,15210,60,0.1,0.0,0.7,93.3,99.9,84.9,84.9,100.0
IN003,Adani Power,IN,A,2031,6.5,124.8,15210,64,0.1,0.0,0.7,93.3,99.9,84.9,84.9,100.0
IN003,Adani Power,IN,A,2032,6.5,132.9,15210,68,0.1,0.0,0.7,93.3,99.9,84.9,84.9,100.0
IN003,Adani Power,IN,A,2033,6.5,141.5,15210,72,0.1,0.0,0.7,93.3,99.9,84.9,84.9,100.0
IN003,Adani Power,IN,A,2034,6.5,150.7,15210,76,0.1,0.0,0.7,93.3,99.8,84.9,84.9,100.0
IN003,Adani Power,IN,A,2035,6.5,160.5,15210,80,0.2,0.0,0.7,93.3,99.8,84.9,84.9,100.0
IN003,Adani Power,IN,B,2025,4.5,85.5,15210,40,0.1,0.0,0.641,85.4,99.9,77.7,77.7,0
IN003,Adani Power,IN,B,2026,4.5,89.3,15210,46,0.1,0.0,0.67,89.3,99.9,81.2,81.2,100.0
IN003,Adani Power,IN,B,2027,4.5,93.4,15210,52,0.1,0.0,0.7,93.3,99.9,84.9,84.9,100.0
IN003,Adani Power,IN,B,2028,4.5,97.6,15210,58,0.1,0.0,0.7,93.3,99.9,84.9,84.9,100.0
IN003,Adani Power,IN,B,2029,4.5,102.0,15210,64,0.1,0.0,0.7,93.3,99.9,84.9,84.9,100.0
IN003,Adani Power,IN,B,2030,4.5,106.5,15210,70,0.1,0.0,0.7,93.3,99.9,84.9,84.9,100.0
IN003,Adani Power,IN,B,2031,4.5,111.3,15210,76,0.1,0.0,0.7,93.3,99.8,84.9,84.9,100.0
IN003,Adani Power,IN,B,2032,4.5,116.4,15210,82,0.2,0.0,0.7,93.3,99.8,84.9,84.9,100.0
IN003,Adani Power,IN,B,2033,4.5,121.6,15210,88,0.2,0.0,0.7,93.3,99.8,84.9,84.9,100.0
IN003,Adani Power,IN,B,2034,4.5,127.1,15210,94,0.2,0.0,0.7,93.3,99.8,84.9,84.9,100.0
IN003,Adani Power,IN,B,2035,4.5,132.8,15210,100,0.2,0.0,0.7,93.3,99.8,84.9,84.9,100.0
IN003,Adani Power,IN,C,2025,3.5,85.5,15210,40,0.1,0.0,0.641,85.4,99.9,77.7,77.7,0
IN003,Adani Power,IN,C,2026,3.5,88.5,15210,48,0.1,0.0,0.663,88.4,99.9,80.4,80.4,100.0
IN003,Adani Power,IN,C,2027,3.5,91.6,15210,56,0.1,0.0,0.687,91.5,99.9,83.2,83.2,100.0
IN003,Adani Power,IN,C,2028,3.5,94.8,15210,64,0.1,0.0,0.7,93.3,99.9,84.9,84.9,100.0
IN003,Adani Power,IN,C,2029,3.5,98.1,15210,72,0.1,0.0,0.7,93.3,99.9,84.9,84.9,100.0
IN003,Adani Power,IN,C,2030,3.5,101.5,15210,80,0.2,0.0,0.7,93.3,99.8,84.9,84.9,100.0
IN003,Adani Power,IN,C,2031,3.5,105.1,15210,88,0.2,0.0,0.7,93.3,99.8,84.9,84.9,100.0
IN003,Adani Power,IN,C,2032,3.5,108.8,15210,96,0.2,0.0,0.7,93.3,99.8,84.9,84.9,100.0
IN003,Adani Power,IN,C,2033,3.5,112.6,15210,104,0.2,0.0,0.7,93.3,99.8,84.9,84.9,100.0
IN003,Adani Power,IN,C,2034,3.5,116.5,15210,112,0.2,0.0,0.7,93.3,99.8,84.9,84.9,100.0
IN003,Adani Power,IN,C,2035,3.5,120.6,15210,120,0.2,0.0,0.7,93.3,99.8,84.9,84.9,100.0
IN003,Adani Power,IN,D,2025,0.0,85.5,15210,40,0.1,0.0,0.641,85.4,99.9,77.7,77.7,0
IN003,Adani Power,IN,D,2026,0.0,85.5,15210,48,0.1,0.0,0.641,85.4,99.9,77.7,77.7,0.0
IN003,Adani Power,IN,D,2027,0.0,85.5,15210,56,0.1,0.0,0.641,85.4,99.9,77.7,77.7,0.0
IN003,Adani Power,IN,D,2028,0.0,85.5,15210,64,0.1,0.0,0.641,85.4,99.9,77.7,77.7,0.0
IN003,Adani Power,IN,D,2029,0.0,85.5,15210,72,0.1,0.0,0.641,85.4,99.8,77.7,77.7,0.0
IN003,Adani Power,IN,D,2030,0.0,85.5,15210,80,0.2,0.0,0.641,85.3,99.8,77.7,77.7,0.0
IN003,Adani Power,IN,D,2031,0.0,85.5,15210,88,0.2,0.0,0.64,85.3,99.8,77.7,77.7,0.0
IN003,Adani Power,IN,D,2032,0.0,85.5,15210,96,0.2,0.0,0.64,85.3,99.8,77.6,77.6,0.0
IN003,Adani Power,IN,D,2033,0.0,85.5,15210,104,0.2,0.0,0.64,85.3,99.8,77.6,77.6,0.0
IN003,Adani Power,IN,D,2034,0.0,85.5,15210,112,0.2,0.0,0.64,85.3,99.7,77.6,77.6,0.0
IN003,Adani Power,IN,D,2035,0.0,85.5,15210,120,0.2,0.0,0.64,85.3,99.7,77.6,77.6,0.0
IN005,JSW Energy,IN,A,2025,6.5,32.4,5658,3826,7.4,0.0,0.505,25.0,77.2,22.8,22.8,0
IN005,JSW Energy,IN,A,2026,6.5,34.5,5658,9061,17.5,0.0,0.4,19.8,53.2,18.0,18.0,20.9
IN005,JSW Energy,IN,A,2027,6.5,36.7,5658,14296,27.6,0.0,0.4,19.8,41.8,18.0,18.0,21.6
IN005,JSW Energy,IN,A,2028,6.5,39.1,5658,19530,37.6,0.0,0.4,19.8,34.5,18.0,18.0,22.3
IN005,JSW Energy,IN,A,2029,6.5,41.7,5658,24765,47.7,0.0,0.4,19.8,29.3,18.0,18.0,23.0
IN005,JSW Energy,IN,A,2030,6.5,44.4,5658,30000,57.8,0.0,0.4,19.8,25.5,18.0,18.0,23.8
IN005,JSW Energy,IN,A,2031,6.5,47.3,5658,35235,67.9,0.0,0.4,19.8,22.6,18.0,18.0,24.6
IN005,JSW Energy,IN,A,2032,6.5,50.3,5658,40470,78.0,0.0,0.4,19.8,20.3,18.0,18.0,25.4
IN005,JSW Energy,IN,A,2033,6.5,53.6,5658,45704,88.1,0.0,0.4,19.8,18.4,18.0,18.0,26.3
IN005,JSW Energy,IN,A,2034,6.5,57.1,5658,50939,98.2,0.0,0.4,19.8,16.8,18.0,18.0,27.2
IN005,JSW Energy,IN,A,2035,6.5,60.8,5658,56174,108.3,0.0,0.4,19.8,15.5,18.0,18.0,28.2
IN005,JSW Energy,IN,B,2025,4.5,32.4,5658,3826,7.4,0.0,0.505,25.0,77.2,22.8,22.8,0
IN005,JSW Energy,IN,B,2026,4.5,33.9,5658,11678,22.5,0.0,0.4,19.8,46.8,18.0,18.0,9.6
IN005,JSW Energy,IN,B,2027,4.5,35.4,5658,19530,37.6,0.0,0.4,19.8,34.5,18.0,18.0,9.9
IN005,JSW Energy,IN,B,2028,4.5,37.0,5658,27383,52.8,0.0,0.4,19.8,27.3,18.0,18.0,10.1
IN005,JSW Energy,IN,B,2029,4.5,38.6,5658,35235,67.9,0.0,0.4,19.8,22.6,18.0,18.0,10.3
IN005,JSW Energy,IN,B,2030,4.5,40.4,5658,43087,83.0,0.0,0.4,19.8,19.3,18.0,18.0,10.5
IN005,JSW Energy,IN,B,2031,4.5,42.2,5658,50939,98.2,0.0,0.4,19.8,16.8,18.0,18.0,10.8
IN005,JSW Energy,IN,B,2032,4.5,44.1,5658,58791,113.3,0.0,0.4,19.8,14.9,18.0,18.0,11.0
IN005,JSW Energy,IN,B,2033,4.5,46.1,5658,66644,128.4,0.0,0.4,19.8,13.4,18.0,18.0,11.3
IN005,JSW Energy,IN,B,2034,4.5,48.1,5658,74496,143.6,0.0,0.4,19.8,12.1,18.0,18.0,11.6
IN005,JSW Energy,IN,B,2035,4.5,50.3,5658,82348,158.7,0.0,0.4,19.8,11.1,18.0,18.0,11.8
IN005,JSW Energy,IN,C,2025,3.5,32.4,5658,3826,7.4,0.0,0.505,25.0,77.2,22.8,22.8,0
IN005,JSW Energy,IN,C,2026,3.5,33.5,5658,14296,27.6,0.0,0.4,19.8,41.8,18.0,18.0,5.6
IN005,JSW Energy,IN,C,2027,3.5,34.7,5658,24765,47.7,0.0,0.4,19.8,29.3,18.0,18.0,5.7
IN005,JSW Energy,IN,C,2028,3.5,35.9,5658,35235,67.9,0.0,0.4,19.8,22.6,18.0,18.0,5.8
IN005,JSW Energy,IN,C,2029,3.5,37.2,5658,45704,88.1,0.0,0.4,19.8,18.4,18.0,18.0,5.9
IN005,JSW Energy,IN,C,2030,3.5,38.5,5658,56174,108.3,0.0,0.4,19.8,15.5,18.0,18.0,6.0
IN005,JSW Energy,IN,C,2031,3.5,39.8,5658,66644,128.4,0.0,0.4,19.8,13.4,18.0,18.0,6.1
IN005,JSW Energy,IN,C,2032,3.5,41.2,5658,77113,148.6,0.0,0.4,19.8,11.8,18.0,18.0,6.2
IN005,JSW Energy,IN,C,2033,3.5,42.7,5658,87583,168.8,0.0,0.4,19.8,10.5,18.0,18.0,6.4
IN005,JSW Energy,IN,C,2034,3.5,44.2,5658,98052,189.0,0.0,0.4,19.8,9.5,18.0,18.0,6.5
IN005,JSW Energy,IN,C,2035,3.5,45.7,5658,108522,209.1,0.0,0.4,19.8,8.7,18.0,18.0,6.6
IN005,JSW Energy,IN,D,2025,0.0,32.4,5658,3826,7.4,0.0,0.505,25.0,77.2,22.8,22.8,0
IN005,JSW Energy,IN,D,2026,0.0,32.4,5658,14296,27.6,0.0,0.4,19.8,41.8,18.0,18.0,0.0
IN005,JSW Energy,IN,D,2027,0.0,32.4,5658,24765,47.7,0.0,0.4,19.8,29.3,18.0,18.0,0.0
IN005,JSW Energy,IN,D,2028,0.0,32.4,5658,35235,67.9,0.0,0.4,19.8,22.6,18.0,18.0,0.0
IN005,JSW Energy,IN,D,2029,0.0,32.4,5658,45704,88.1,0.0,0.4,19.8,18.4,18.0,18.0,0.0
IN005,JSW Energy,IN,D,2030,0.0,32.4,5658,56174,108.3,0.0,0.4,19.8,15.5,18.0,18.0,0.0
IN005,JSW Energy,IN,D,2031,0.0,32.4,5658,66644,128.4,0.0,0.4,19.8,13.4,18.0,18.0,0.0
IN005,JSW Energy,IN,D,2032,0.0,32.4,5658,77113,148.6,0.0,0.4,19.8,11.8,18.0,18.0,0.0
IN005,JSW Energy,IN,D,2033,0.0,32.4,5658,87583,168.8,0.0,0.4,19.8,10.5,18.0,18.0,0.0
IN005,JSW Energy,IN,D,2034,0.0,32.4,5658,98052,189.0,0.0,0.4,19.8,9.5,18.0,18.0,0.0
IN005,JSW Energy,IN,D,2035,0.0,32.4,5658,108522,209.1,0.0,0.4,19.8,8.7,18.0,18.0,0.0
IN008,NLC India,IN,A,2025,6.5,27.9,1660,1431,2.8,0.0,0.7,10.2,78.7,9.3,9.3,0
IN008,NLC India,IN,A,2026,6.5,29.7,1660,1574,3.0,0.0,0.7,10.2,77.0,9.3,9.3,100.0
IN008,NLC India,IN,A,2027,6.5,31.6,1660,1717,3.3,0.0,0.7,10.2,75.5,9.3,9.3,100.0
IN008,NLC India,IN,A,2028,6.5,33.7,1660,1860,3.6,0.0,0.7,10.2,74.0,9.3,9.3,100.0
IN008,NLC India,IN,A,2029,6.5,35.8,1660,2003,3.9,0.0,0.7,10.2,72.5,9.3,9.3,100.0
IN008,NLC India,IN,A,2030,6.5,38.2,1660,2146,4.1,0.0,0.7,10.2,71.1,9.3,9.3,100.0
IN008,NLC India,IN,A,2031,6.5,40.7,1660,2290,4.4,0.0,0.7,10.2,69.8,9.3,9.3,100.0
IN008,NLC India,IN,A,2032,6.5,43.3,1660,2433,4.7,0.0,0.7,10.2,68.5,9.3,9.3,100.0
IN008,NLC India,IN,A,2033,6.5,46.1,1660,2576,5.0,0.0,0.7,10.2,67.2,9.3,9.3,100.0
IN008,NLC India,IN,A,2034,6.5,49.1,1660,2719,5.2,0.0,0.7,10.2,66.0,9.3,9.3,100.0
IN008,NLC India,IN,A,2035,6.5,52.3,1660,2862,5.5,0.0,0.7,10.2,64.9,9.3,9.3,100.0
IN008,NLC India,IN,B,2025,4.5,27.9,1660,1431,2.8,0.0,0.7,10.2,78.7,9.3,9.3,0
IN008,NLC India,IN,B,2026,4.5,29.1,1660,1646,3.2,0.0,0.7,10.2,76.2,9.3,9.3,100.0
IN008,NLC India,IN,B,2027,4.5,30.4,1660,1860,3.6,0.0,0.7,10.2,74.0,9.3,9.3,100.0
IN008,NLC India,IN,B,2028,4.5,31.8,1660,2075,4.0,0.0,0.7,10.2,71.8,9.3,9.3,100.0
IN008,NLC India,IN,B,2029,4.5,33.2,1660,2290,4.4,0.0,0.7,10.2,69.8,9.3,9.3,100.0
IN008,NLC India,IN,B,2030,4.5,34.7,1660,2504,4.8,0.0,0.7,10.2,67.8,9.3,9.3,100.0
IN008,NLC India,IN,B,2031,4.5,36.3,1660,2719,5.2,0.0,0.7,10.2,66.0,9.3,9.3,100.0
IN008,NLC India,IN,B,2032,4.5,37.9,1660,2934,5.7,0.0,0.7,10.2,64.3,9.3,9.3,100.0
IN008,NLC India,IN,B,2033,4.5,39.6,1660,3148,6.1,0.0,0.7,10.2,62.7,9.3,9.3,100.0
IN008,NLC India,IN,B,2034,4.5,41.4,1660,3363,6.5,0.0,0.7,10.2,61.1,9.3,9.3,100.0
IN008,NLC India,IN,B,2035,4.5,43.3,1660,3578,6.9,0.0,0.7,10.2,59.6,9.3,9.3,100.0
IN008,NLC India,IN,C,2025,3.5,27.9,1660,1431,2.8,0.0,0.7,10.2,78.7,9.3,9.3,0
IN008,NLC India,IN,C,2026,3.5,28.8,1660,1717,3.3,0.0,0.7,10.2,75.5,9.3,9.3,100.0
IN008,NLC India,IN,C,2027,3.5,29.9,1660,2003,3.9,0.0,0.7,10.2,72.5,9.3,9.3,100.0
IN008,NLC India,IN,C,2028,3.5,30.9,1660,2290,4.4,0.0,0.7,10.2,69.8,9.3,9.3,100.0
IN008,NLC India,IN,C,2029,3.5,32.0,1660,2576,5.0,0.0,0.7,10.2,67.2,9.3,9.3,100.0
IN008,NLC India,IN,C,2030,3.5,33.1,1660,2862,5.5,0.0,0.7,10.2,64.9,9.3,9.3,100.0
IN008,NLC India,IN,C,2031,3.5,34.3,1660,3148,6.1,0.0,0.7,10.2,62.7,9.3,9.3,100.0
IN008,NLC India,IN,C,2032,3.5,35.5,1660,3434,6.6,0.0,0.7,10.2,60.6,9.3,9.3,100.0
IN008,NLC India,IN,C,2033,3.5,36.7,1660,3721,7.2,0.0,0.7,10.2,58.7,9.3,9.3,100.0
IN008,NLC India,IN,C,2034,3.5,38.0,1660,4007,7.7,0.0,0.7,10.2,56.9,9.3,9.3,100.0
IN008,NLC India,IN,C,2035,3.5,39.3,1660,4293,8.3,0.0,0.7,10.2,55.2,9.3,9.3,100.0
IN008,NLC India,IN,D,2025,0.0,27.9,1660,1431,2.8,0.0,0.7,10.2,78.7,9.3,9.3,0
IN008,NLC India,IN,D,2026,0.0,27.9,1660,1717,3.3,0.0,0.7,10.2,75.5,9.3,9.3,0.0
IN008,NLC India,IN,D,2027,0.0,27.9,1660,2003,3.9,0.0,0.7,10.2,72.5,9.3,9.3,0.0
IN008,NLC India,IN,D,2028,0.0,27.9,1660,2290,4.4,0.0,0.7,10.2,69.8,9.3,9.3,0.0
IN008,NLC India,IN,D,2029,0.0,27.9,1660,2576,5.0,0.0,0.7,10.2,67.2,9.3,9.3,0.0
IN008,NLC India,IN,D,2030,0.0,27.9,1660,2862,5.5,0.0,0.7,10.2,64.9,9.3,9.3,0.0
IN008,NLC India,IN,D,2031,0.0,27.9,1660,3148,6.1,0.0,0.7,10.2,62.7,9.3,9.3,0.0
IN008,NLC India,IN,D,2032,0.0,27.9,1660,3434,6.6,0.0,0.7,10.2,60.6,9.3,9.3,0.0
IN008,NLC India,IN,D,2033,0.0,27.9,1660,3721,7.2,0.0,0.7,10.2,58.7,9.3,9.3,0.0
IN008,NLC India,IN,D,2034,0.0,27.9,1660,4007,7.7,0.0,0.7,10.2,56.9,9.3,9.3,0.0
IN008,NLC India,IN,D,2035,0.0,27.9,1660,4293,8.3,0.0,0.7,10.2,55.2,9.3,9.3,0.0
IN010,Torrent Power,IN,A,2025,6.5,10.4,362,1746,3.4,12.0,0.4,1.3,7.6,1.2,5.9,0
IN010,Torrent Power,IN,A,2026,6.5,11.1,362,1921,3.7,12.0,0.4,1.3,7.5,1.2,5.9,100.0
IN010,Torrent Power,IN,A,2027,6.5,11.8,362,2095,4.0,12.0,0.4,1.3,7.3,1.2,5.9,100.0
IN010,Torrent Power,IN,A,2028,6.5,12.6,362,2270,4.4,12.0,0.4,1.3,7.2,1.2,5.9,100.0
IN010,Torrent Power,IN,A,2029,6.5,13.4,362,2444,4.7,12.0,0.4,1.3,7.1,1.2,5.9,100.0
IN010,Torrent Power,IN,A,2030,6.5,14.3,362,2619,5.0,12.0,0.4,1.3,6.9,1.2,5.9,100.0
IN010,Torrent Power,IN,A,2031,6.5,15.2,362,2794,5.4,12.0,0.4,1.3,6.8,1.2,5.9,100.0
IN010,Torrent Power,IN,A,2032,6.5,16.2,362,2968,5.7,12.0,0.4,1.3,6.7,1.2,5.9,100.0
IN010,Torrent Power,IN,A,2033,6.5,17.3,362,3143,6.1,12.0,0.4,1.3,6.6,1.2,5.9,100.0
IN010,Torrent Power,IN,A,2034,6.5,18.4,362,3317,6.4,12.0,0.4,1.3,6.5,1.2,5.9,100.0
IN010,Torrent Power,IN,A,2035,6.5,19.6,362,3492,6.7,12.0,0.4,1.3,6.4,1.2,5.9,100.0
IN010,Torrent Power,IN,B,2025,4.5,10.4,362,1746,3.4,12.0,0.4,1.3,7.6,1.2,5.9,0
IN010,Torrent Power,IN,B,2026,4.5,10.9,362,2008,3.9,12.0,0.4,1.3,7.4,1.2,5.9,93.1
IN010,Torrent Power,IN,B,2027,4.5,11.4,362,2270,4.4,12.0,0.4,1.3,7.2,1.2,5.9,95.2
IN010,Torrent Power,IN,B,2028,4.5,11.9,362,2532,4.9,12.0,0.4,1.3,7.0,1.2,5.9,97.4
IN010,Torrent Power,IN,B,2029,4.5,12.5,362,2794,5.4,12.0,0.4,1.3,6.8,1.2,5.9,99.6
IN010,Torrent Power,IN,B,2030,4.5,13.0,362,3056,5.9,12.0,0.4,1.3,6.6,1.2,5.9,100.0
IN010,Torrent Power,IN,B,2031,4.5,13.6,362,3317,6.4,12.0,0.4,1.3,6.5,1.2,5.9,100.0
IN010,Torrent Power,IN,B,2032,4.5,14.2,362,3579,6.9,12.0,0.4,1.3,6.3,1.2,5.9,100.0
IN010,Torrent Power,IN,B,2033,4.5,14.9,362,3841,7.4,12.0,0.4,1.3,6.1,1.2,5.9,100.0
IN010,Torrent Power,IN,B,2034,4.5,15.5,362,4103,7.9,12.0,0.4,1.3,6.0,1.2,5.9,100.0
IN010,Torrent Power,IN,B,2035,4.5,16.2,362,4365,8.4,12.0,0.4,1.3,5.9,1.2,5.9,100.0
IN010,Torrent Power,IN,C,2025,3.5,10.4,362,1746,3.4,12.0,0.4,1.3,7.6,1.2,5.9,0
IN010,Torrent Power,IN,C,2026,3.5,10.8,362,2095,4.0,12.0,0.4,1.3,7.3,1.2,5.9,54.3
IN010,Torrent Power,IN,C,2027,3.5,11.2,362,2444,4.7,12.0,0.4,1.3,7.1,1.2,5.9,55.3
IN010,Torrent Power,IN,C,2028,3.5,11.6,362,2794,5.4,12.0,0.4,1.3,6.8,1.2,5.9,56.2
IN010,Torrent Power,IN,C,2029,3.5,12.0,362,3143,6.1,12.0,0.4,1.3,6.6,1.2,5.9,57.2
IN010,Torrent Power,IN,C,2030,3.5,12.4,362,3492,6.7,12.0,0.4,1.3,6.4,1.2,5.9,58.3
IN010,Torrent Power,IN,C,2031,3.5,12.8,362,3841,7.4,12.0,0.4,1.3,6.1,1.2,5.9,59.3
IN010,Torrent Power,IN,C,2032,3.5,13.3,362,4190,8.1,12.0,0.4,1.3,6.0,1.2,5.9,60.4
IN010,Torrent Power,IN,C,2033,3.5,13.8,362,4540,8.7,12.0,0.4,1.3,5.8,1.2,5.9,61.5
IN010,Torrent Power,IN,C,2034,3.5,14.2,362,4889,9.4,12.0,0.4,1.3,5.6,1.2,5.9,62.6
IN010,Torrent Power,IN,C,2035,3.5,14.7,362,5238,10.1,12.0,0.4,1.3,5.4,1.2,5.9,63.7
IN010,Torrent Power,IN,D,2025,0.0,10.4,362,1746,3.4,12.0,0.4,1.3,7.6,1.2,5.9,0
IN010,Torrent Power,IN,D,2026,0.0,10.4,362,2095,4.0,12.0,0.4,1.3,7.3,1.2,5.9,0.0
IN010,Torrent Power,IN,D,2027,0.0,10.4,362,2444,4.7,12.0,0.4,1.3,7.1,1.2,5.9,0.0
IN010,Torrent Power,IN,D,2028,0.0,10.4,362,2794,5.4,12.0,0.4,1.3,6.8,1.2,5.9,0.0
IN010,Torrent Power,IN,D,2029,0.0,10.4,362,3143,6.1,12.0,0.4,1.3,6.6,1.2,5.9,0.0
IN010,Torrent Power,IN,D,2030,0.0,10.4,362,3492,6.7,12.0,0.4,1.3,6.4,1.2,5.9,0.0
IN010,Torrent Power,IN,D,2031,0.0,10.4,362,3841,7.4,12.0,0.4,1.3,6.1,1.2,5.9,0.0
IN010,Torrent Power,IN,D,2032,0.0,10.4,362,4190,8.1,12.0,0.4,1.3,6.0,1.2,5.9,0.0
IN010,Torrent Power,IN,D,2033,0.0,10.4,362,4540,8.7,12.0,0.4,1.3,5.8,1.2,5.9,0.0
IN010,Torrent Power,IN,D,2034,0.0,10.4,362,4889,9.4,12.0,0.4,1.3,5.6,1.2,5.9,0.0
IN010,Torrent Power,IN,D,2035,0.0,10.4,362,5238,10.1,12.0,0.4,1.3,5.4,1.2,5.9,0.0
MY001,TNB,MY,A,2025,3.0,73.2,6810,1304,2.5,28.5,0.7,41.8,57.4,38.0,49.4,0
MY001,TNB,MY,A,2026,3.0,75.4,6810,8300,16.0,28.5,0.518,30.9,41.0,28.1,39.5,16.3
MY001,TNB,MY,A,2027,3.0,77.6,6810,15296,29.5,28.5,0.4,23.9,29.2,21.7,33.1,16.5
MY001,TNB,MY,A,2028,3.0,80.0,6810,22292,43.0,28.5,0.4,23.9,25.0,21.7,33.1,16.8
MY001,TNB,MY,A,2029,3.0,82.4,6810,29288,56.4,28.5,0.4,23.9,21.9,21.7,33.1,17.0
MY001,TNB,MY,A,2030,3.0,84.8,6810,36284,69.9,28.5,0.4,23.9,19.5,21.7,33.1,17.3
MY001,TNB,MY,A,2031,3.0,87.4,6810,43280,83.4,28.5,0.4,23.9,17.6,21.7,33.1,17.6
MY001,TNB,MY,A,2032,3.0,90.0,6810,50276,96.9,28.5,0.4,23.9,16.0,21.7,33.1,17.8
MY001,TNB,MY,A,2033,3.0,92.7,6810,57272,110.4,28.5,0.4,23.9,14.7,21.7,33.1,18.1
MY001,TNB,MY,A,2034,3.0,95.5,6810,64268,123.9,28.5,0.4,23.9,13.5,21.7,33.1,18.4
MY001,TNB,MY,A,2035,3.0,98.4,6810,71264,137.3,28.5,0.4,23.9,12.6,21.7,33.1,18.7
MY001,TNB,MY,B,2025,1.0,73.2,6810,1304,2.5,28.5,0.7,41.8,57.4,38.0,49.4,0
MY001,TNB,MY,B,2026,1.0,73.9,6810,11798,22.7,28.5,0.4,23.9,31.8,21.7,33.1,3.6
MY001,TNB,MY,B,2027,1.0,74.7,6810,22292,43.0,28.5,0.4,23.9,25.0,21.7,33.1,3.6
MY001,TNB,MY,B,2028,1.0,75.4,6810,32786,63.2,28.5,0.4,23.9,20.7,21.7,33.1,3.7
MY001,TNB,MY,B,2029,1.0,76.2,6810,43280,83.4,28.5,0.4,23.9,17.6,21.7,33.1,3.7
MY001,TNB,MY,B,2030,1.0,76.9,6810,53774,103.6,28.5,0.4,23.9,15.3,21.7,33.1,3.7
MY001,TNB,MY,B,2031,1.0,77.7,6810,64268,123.9,28.5,0.4,23.9,13.5,21.7,33.1,3.7
MY001,TNB,MY,B,2032,1.0,78.5,6810,74762,144.1,28.5,0.4,23.9,12.1,21.7,33.1,3.7
MY001,TNB,MY,B,2033,1.0,79.2,6810,85256,164.3,28.5,0.4,23.9,11.0,21.7,33.1,3.7
MY001,TNB,MY,B,2034,1.0,80.0,6810,95750,184.5,28.5,0.4,23.9,10.1,21.7,33.1,3.8
MY001,TNB,MY,B,2035,1.0,80.8,6810,106244,204.8,28.5,0.4,23.9,9.3,21.7,33.1,3.8
MY001,TNB,MY,C,2025,1.0,73.2,6810,1304,2.5,28.5,0.7,41.8,57.4,38.0,49.4,0
MY001,TNB,MY,C,2026,1.0,73.9,6810,15296,29.5,28.5,0.4,23.9,29.2,21.7,33.1,2.7
MY001,TNB,MY,C,2027,1.0,74.7,6810,29288,56.4,28.5,0.4,23.9,21.9,21.7,33.1,2.7
MY001,TNB,MY,C,2028,1.0,75.4,6810,43280,83.4,28.5,0.4,23.9,17.6,21.7,33.1,2.7
MY001,TNB,MY,C,2029,1.0,76.2,6810,57272,110.4,28.5,0.4,23.9,14.7,21.7,33.1,2.8
MY001,TNB,MY,C,2030,1.0,76.9,6810,71264,137.3,28.5,0.4,23.9,12.6,21.7,33.1,2.8
MY001,TNB,MY,C,2031,1.0,77.7,6810,85256,164.3,28.5,0.4,23.9,11.0,21.7,33.1,2.8
MY001,TNB,MY,C,2032,1.0,78.5,6810,99248,191.3,28.5,0.4,23.9,9.8,21.7,33.1,2.8
MY001,TNB,MY,C,2033,1.0,79.2,6810,113240,218.2,28.5,0.4,23.9,8.8,21.7,33.1,2.8
MY001,TNB,MY,C,2034,1.0,80.0,6810,127232,245.2,28.5,0.4,23.9,8.0,21.7,33.1,2.8
MY001,TNB,MY,C,2035,1.0,80.8,6810,141224,272.2,28.5,0.4,23.9,7.4,21.7,33.1,2.8
MY001,TNB,MY,D,2025,0.0,73.2,6810,1304,2.5,28.5,0.7,41.8,57.4,38.0,49.4,0
MY001,TNB,MY,D,2026,0.0,73.2,6810,15296,29.5,28.5,0.4,23.9,29.2,21.7,33.1,0.0
MY001,TNB,MY,D,2027,0.0,73.2,6810,29288,56.4,28.5,0.4,23.9,21.9,21.7,33.1,0.0
MY001,TNB,MY,D,2028,0.0,73.2,6810,43280,83.4,28.5,0.4,23.9,17.6,21.7,33.1,0.0
MY001,TNB,MY,D,2029,0.0,73.2,6810,57272,110.4,28.5,0.4,23.9,14.7,21.7,33.1,0.0
MY001,TNB,MY,D,2030,0.0,73.2,6810,71264,137.3,28.5,0.4,23.9,12.6,21.7,33.1,0.0
MY001,TNB,MY,D,2031,0.0,73.2,6810,85256,164.3,28.5,0.4,23.9,11.0,21.7,33.1,0.0
MY001,TNB,MY,D,2032,0.0,73.2,6810,99248,191.3,28.5,0.4,23.9,9.8,21.7,33.1,0.0
MY001,TNB,MY,D,2033,0.0,73.2,6810,113240,218.2,28.5,0.4,23.9,8.8,21.7,33.1,0.0
MY001,TNB,MY,D,2034,0.0,73.2,6810,127232,245.2,28.5,0.4,23.9,8.0,21.7,33.1,0.0
MY001,TNB,MY,D,2035,0.0,73.2,6810,141224,272.2,28.5,0.4,23.9,7.4,21.7,33.1,0.0
PH001,SMC Global Power,PH,A,2025,5.0,23.4,3756,0,0.0,5.3,0.55,18.1,77.5,16.5,18.6,0
PH001,SMC Global Power,PH,A,2026,5.0,24.5,3756,3333,6.4,5.3,0.4,13.2,53.0,12.0,14.1,18.2
PH001,SMC Global Power,PH,A,2027,5.0,25.7,3756,6667,12.8,5.3,0.4,13.2,42.1,12.0,14.1,18.6
PH001,SMC Global Power,PH,A,2028,5.0,27.0,3756,10000,19.3,5.3,0.4,13.2,34.9,12.0,14.1,19.1
PH001,SMC Global Power,PH,A,2029,5.0,28.4,3756,13333,25.7,5.3,0.4,13.2,29.8,12.0,14.1,19.6
PH001,SMC Global Power,PH,A,2030,5.0,29.8,3756,16667,32.1,5.3,0.4,13.2,26.0,12.0,14.1,20.1
PH001,SMC Global Power,PH,A,2031,5.0,31.3,3756,20000,38.5,5.3,0.4,13.2,23.1,12.0,14.1,20.6
PH001,SMC Global Power,PH,A,2032,5.0,32.9,3756,23333,45.0,5.3,0.4,13.2,20.8,12.0,14.1,21.1
PH001,SMC Global Power,PH,A,2033,5.0,34.5,3756,26667,51.4,5.3,0.4,13.2,18.9,12.0,14.1,21.7
PH001,SMC Global Power,PH,A,2034,5.0,36.2,3756,30000,57.8,5.3,0.4,13.2,17.3,12.0,14.1,22.3
PH001,SMC Global Power,PH,A,2035,5.0,38.0,3756,33333,64.2,5.3,0.4,13.2,15.9,12.0,14.1,22.9
PH001,SMC Global Power,PH,B,2025,3.0,23.4,3756,0,0.0,5.3,0.55,18.1,77.5,16.5,18.6,0
PH001,SMC Global Power,PH,B,2026,3.0,24.1,3756,5000,9.6,5.3,0.4,13.2,46.9,12.0,14.1,7.3
PH001,SMC Global Power,PH,B,2027,3.0,24.8,3756,10000,19.3,5.3,0.4,13.2,34.9,12.0,14.1,7.4
PH001,SMC Global Power,PH,B,2028,3.0,25.5,3756,15000,28.9,5.3,0.4,13.2,27.8,12.0,14.1,7.5
PH001,SMC Global Power,PH,B,2029,3.0,26.3,3756,20000,38.5,5.3,0.4,13.2,23.1,12.0,14.1,7.6
PH001,SMC Global Power,PH,B,2030,3.0,27.1,3756,25000,48.2,5.3,0.4,13.2,19.8,12.0,14.1,7.7
PH001,SMC Global Power,PH,B,2031,3.0,27.9,3756,30000,57.8,5.3,0.4,13.2,17.3,12.0,14.1,7.8
PH001,SMC Global Power,PH,B,2032,3.0,28.7,3756,35000,67.5,5.3,0.4,13.2,15.3,12.0,14.1,8.0
PH001,SMC Global Power,PH,B,2033,3.0,29.6,3756,40000,77.1,5.3,0.4,13.2,13.8,12.0,14.1,8.1
PH001,SMC Global Power,PH,B,2034,3.0,30.5,3756,45000,86.7,5.3,0.4,13.2,12.5,12.0,14.1,8.2
PH001,SMC Global Power,PH,B,2035,3.0,31.4,3756,50000,96.4,5.3,0.4,13.2,11.5,12.0,14.1,8.3
PH001,SMC Global Power,PH,C,2025,2.0,23.4,3756,0,0.0,5.3,0.55,18.1,77.5,16.5,18.6,0
PH001,SMC Global Power,PH,C,2026,2.0,23.8,3756,6667,12.8,5.3,0.4,13.2,42.1,12.0,14.1,3.6
PH001,SMC Global Power,PH,C,2027,2.0,24.3,3756,13333,25.7,5.3,0.4,13.2,29.8,12.0,14.1,3.7
PH001,SMC Global Power,PH,C,2028,2.0,24.8,3756,20000,38.5,5.3,0.4,13.2,23.1,12.0,14.1,3.7
PH001,SMC Global Power,PH,C,2029,2.0,25.3,3756,26667,51.4,5.3,0.4,13.2,18.9,12.0,14.1,3.7
PH001,SMC Global Power,PH,C,2030,2.0,25.8,3756,33333,64.2,5.3,0.4,13.2,15.9,12.0,14.1,3.8
PH001,SMC Global Power,PH,C,2031,2.0,26.3,3756,40000,77.1,5.3,0.4,13.2,13.8,12.0,14.1,3.8
PH001,SMC Global Power,PH,C,2032,2.0,26.8,3756,46667,89.9,5.3,0.4,13.2,12.1,12.0,14.1,3.9
PH001,SMC Global Power,PH,C,2033,2.0,27.4,3756,53333,102.8,5.3,0.4,13.2,10.9,12.0,14.1,3.9
PH001,SMC Global Power,PH,C,2034,2.0,27.9,3756,60000,115.6,5.3,0.4,13.2,9.8,12.0,14.1,3.9
PH001,SMC Global Power,PH,C,2035,2.0,28.5,3756,66667,128.5,5.3,0.4,13.2,9.0,12.0,14.1,4.0
PH001,SMC Global Power,PH,D,2025,0.0,23.4,3756,0,0.0,5.3,0.55,18.1,77.5,16.5,18.6,0
PH001,SMC Global Power,PH,D,2026,0.0,23.4,3756,6667,12.8,5.3,0.4,13.2,42.1,12.0,14.1,0.0
PH001,SMC Global Power,PH,D,2027,0.0,23.4,3756,13333,25.7,5.3,0.4,13.2,29.8,12.0,14.1,0.0
PH001,SMC Global Power,PH,D,2028,0.0,23.4,3756,20000,38.5,5.3,0.4,13.2,23.1,12.0,14.1,0.0
PH001,SMC Global Power,PH,D,2029,0.0,23.4,3756,26667,51.4,5.3,0.4,13.2,18.9,12.0,14.1,0.0
PH001,SMC Global Power,PH,D,2030,0.0,23.4,3756,33333,64.2,5.3,0.4,13.2,15.9,12.0,14.1,0.0
PH001,SMC Global Power,PH,D,2031,0.0,23.4,3756,40000,77.1,5.3,0.4,13.2,13.8,12.0,14.1,0.0
PH001,SMC Global Power,PH,D,2032,0.0,23.4,3756,46667,89.9,5.3,0.4,13.2,12.1,12.0,14.1,0.0
PH001,SMC Global Power,PH,D,2033,0.0,23.4,3756,53333,102.8,5.3,0.4,13.2,10.9,12.0,14.1,0.0
PH001,SMC Global Power,PH,D,2034,0.0,23.4,3756,60000,115.6,5.3,0.4,13.2,9.8,12.0,14.1,0.0
PH001,SMC Global Power,PH,D,2035,0.0,23.4,3756,66667,128.5,5.3,0.4,13.2,9.0,12.0,14.1,0.0
PH002,Aboitiz Power,PH,A,2025,5.0,19.8,3073,252,0.5,4.6,0.55,14.8,74.6,13.5,15.3,0
PH002,Aboitiz Power,PH,A,2026,5.0,20.8,3073,277,0.5,4.6,0.585,15.7,75.6,14.3,16.2,100.0
PH002,Aboitiz Power,PH,A,2027,5.0,21.9,3073,302,0.6,4.6,0.622,16.7,76.5,15.2,17.1,100.0
PH002,Aboitiz Power,PH,A,2028,5.0,23.0,3073,328,0.6,4.6,0.661,17.8,77.4,16.2,18.0,100.0
PH002,Aboitiz Power,PH,A,2029,5.0,24.1,3073,353,0.7,4.6,0.7,18.8,78.3,17.1,19.0,100.0
PH002,Aboitiz Power,PH,A,2030,5.0,25.3,3073,378,0.7,4.6,0.7,18.8,78.1,17.1,19.0,100.0
PH002,Aboitiz Power,PH,A,2031,5.0,26.6,3073,403,0.8,4.6,0.7,18.8,77.9,17.1,19.0,100.0
PH002,Aboitiz Power,PH,A,2032,5.0,27.9,3073,428,0.8,4.6,0.7,18.8,77.8,17.1,19.0,100.0
PH002,Aboitiz Power,PH,A,2033,5.0,29.3,3073,454,0.9,4.6,0.7,18.8,77.6,17.1,19.0,100.0
PH002,Aboitiz Power,PH,A,2034,5.0,30.8,3073,479,0.9,4.6,0.7,18.8,77.5,17.1,19.0,100.0
PH002,Aboitiz Power,PH,A,2035,5.0,32.3,3073,504,1.0,4.6,0.7,18.8,77.3,17.1,19.0,100.0
PH002,Aboitiz Power,PH,B,2025,3.0,19.8,3073,252,0.5,4.6,0.55,14.8,74.6,13.5,15.3,0
PH002,Aboitiz Power,PH,B,2026,3.0,20.4,3073,290,0.6,4.6,0.569,15.3,75.0,13.9,15.8,100.0
PH002,Aboitiz Power,PH,B,2027,3.0,21.1,3073,328,0.6,4.6,0.589,15.9,75.4,14.4,16.3,100.0
PH002,Aboitiz Power,PH,B,2028,3.0,21.7,3073,365,0.7,4.6,0.61,16.4,75.7,14.9,16.8,100.0
PH002,Aboitiz Power,PH,B,2029,3.0,22.3,3073,403,0.8,4.6,0.632,17.0,76.1,15.5,17.3,100.0
PH002,Aboitiz Power,PH,B,2030,3.0,23.0,3073,441,0.8,4.6,0.654,17.6,76.5,16.0,17.8,100.0
PH002,Aboitiz Power,PH,B,2031,3.0,23.7,3073,479,0.9,4.6,0.677,18.2,76.9,16.6,18.4,100.0
PH002,Aboitiz Power,PH,B,2032,3.0,24.4,3073,517,1.0,4.6,0.7,18.8,77.2,17.1,19.0,100.0
PH002,Aboitiz Power,PH,B,2033,3.0,25.1,3073,554,1.1,4.6,0.7,18.8,77.0,17.1,19.0,100.0
PH002,Aboitiz Power,PH,B,2034,3.0,25.9,3073,592,1.1,4.6,0.7,18.8,76.8,17.1,19.0,100.0
PH002,Aboitiz Power,PH,B,2035,3.0,26.7,3073,630,1.2,4.6,0.7,18.8,76.6,17.1,19.0,100.0
PH002,Aboitiz Power,PH,C,2025,2.0,19.8,3073,252,0.5,4.6,0.55,14.8,74.6,13.5,15.3,0
PH002,Aboitiz Power,PH,C,2026,2.0,20.2,3073,302,0.6,4.6,0.561,15.1,74.6,13.7,15.6,100.0
PH002,Aboitiz Power,PH,C,2027,2.0,20.6,3073,353,0.7,4.6,0.573,15.4,74.6,14.0,15.8,100.0
PH002,Aboitiz Power,PH,C,2028,2.0,21.1,3073,403,0.8,4.6,0.584,15.7,74.7,14.3,16.1,100.0
PH002,Aboitiz Power,PH,C,2029,2.0,21.5,3073,454,0.9,4.6,0.596,16.1,74.7,14.6,16.4,100.0
PH002,Aboitiz Power,PH,C,2030,2.0,21.9,3073,504,1.0,4.6,0.609,16.4,74.8,14.9,16.7,100.0
PH002,Aboitiz Power,PH,C,2031,2.0,22.4,3073,554,1.1,4.6,0.621,16.7,74.8,15.2,17.0,100.0
PH002,Aboitiz Power,PH,C,2032,2.0,22.8,3073,605,1.2,4.6,0.634,17.1,74.9,15.5,17.4,100.0
PH002,Aboitiz Power,PH,C,2033,2.0,23.3,3073,655,1.3,4.6,0.648,17.4,75.0,15.9,17.7,100.0
PH002,Aboitiz Power,PH,C,2034,2.0,23.7,3073,706,1.4,4.6,0.661,17.8,75.1,16.2,18.0,100.0
PH002,Aboitiz Power,PH,C,2035,2.0,24.2,3073,756,1.5,4.6,0.675,18.2,75.1,16.5,18.4,100.0
PH002,Aboitiz Power,PH,D,2025,0.0,19.8,3073,252,0.5,4.6,0.55,14.8,74.6,13.5,15.3,0
PH002,Aboitiz Power,PH,D,2026,0.0,19.8,3073,302,0.6,4.6,0.546,14.7,74.1,13.4,15.2,0.0
PH002,Aboitiz Power,PH,D,2027,0.0,19.8,3073,353,0.7,4.6,0.543,14.6,73.6,13.3,15.1,0.0
PH002,Aboitiz Power,PH,D,2028,0.0,19.8,3073,403,0.8,4.6,0.539,14.5,73.1,13.2,15.0,0.0
PH002,Aboitiz Power,PH,D,2029,0.0,19.8,3073,454,0.9,4.6,0.536,14.4,72.6,13.1,14.9,0.0
PH002,Aboitiz Power,PH,D,2030,0.0,19.8,3073,504,1.0,4.6,0.532,14.3,72.2,13.0,14.9,0.0
PH002,Aboitiz Power,PH,D,2031,0.0,19.8,3073,554,1.1,4.6,0.528,14.2,71.7,12.9,14.8,0.0
PH002,Aboitiz Power,PH,D,2032,0.0,19.8,3073,605,1.2,4.6,0.525,14.1,71.2,12.9,14.7,0.0
PH002,Aboitiz Power,PH,D,2033,0.0,19.8,3073,655,1.3,4.6,0.521,14.0,70.7,12.8,14.6,0.0
PH002,Aboitiz Power,PH,D,2034,0.0,19.8,3073,706,1.4,4.6,0.518,13.9,70.2,12.7,14.5,0.0
PH002,Aboitiz Power,PH,D,2035,0.0,19.8,3073,756,1.5,4.6,0.514,13.8,69.7,12.6,14.4,0.0
TH001,EGAT,TH,A,2025,3.0,66.7,2220,106,0.2,41.8,0.7,13.6,24.5,12.4,29.1,0
TH001,EGAT,TH,A,2026,3.0,68.7,2220,117,0.2,41.8,0.7,13.6,24.5,12.4,29.1,100.0
TH001,EGAT,TH,A,2027,3.0,70.8,2220,127,0.2,41.8,0.7,13.6,24.4,12.4,29.1,100.0
TH001,EGAT,TH,A,2028,3.0,72.9,2220,138,0.3,41.8,0.7,13.6,24.4,12.4,29.1,100.0
TH001,EGAT,TH,A,2029,3.0,75.1,2220,148,0.3,41.8,0.7,13.6,24.4,12.4,29.1,100.0
TH001,EGAT,TH,A,2030,3.0,77.4,2220,159,0.3,41.8,0.7,13.6,24.4,12.4,29.1,100.0
TH001,EGAT,TH,A,2031,3.0,79.7,2220,170,0.3,41.8,0.7,13.6,24.4,12.4,29.1,100.0
TH001,EGAT,TH,A,2032,3.0,82.1,2220,180,0.3,41.8,0.7,13.6,24.4,12.4,29.1,100.0
TH001,EGAT,TH,A,2033,3.0,84.6,2220,191,0.4,41.8,0.7,13.6,24.4,12.4,29.1,100.0
TH001,EGAT,TH,A,2034,3.0,87.1,2220,201,0.4,41.8,0.7,13.6,24.4,12.4,29.1,100.0
TH001,EGAT,TH,A,2035,3.0,89.7,2220,212,0.4,41.8,0.7,13.6,24.4,12.4,29.1,100.0
TH001,EGAT,TH,B,2025,1.0,66.7,2220,106,0.2,41.8,0.7,13.6,24.5,12.4,29.1,0
TH001,EGAT,TH,B,2026,1.0,67.4,2220,122,0.2,41.8,0.7,13.6,24.4,12.4,29.1,100.0
TH001,EGAT,TH,B,2027,1.0,68.1,2220,138,0.3,41.8,0.7,13.6,24.4,12.4,29.1,100.0
TH001,EGAT,TH,B,2028,1.0,68.8,2220,154,0.3,41.8,0.7,13.6,24.4,12.4,29.1,100.0
TH001,EGAT,TH,B,2029,1.0,69.5,2220,170,0.3,41.8,0.7,13.6,24.4,12.4,29.1,100.0
TH001,EGAT,TH,B,2030,1.0,70.1,2220,186,0.4,41.8,0.7,13.6,24.4,12.4,29.1,100.0
TH001,EGAT,TH,B,2031,1.0,70.9,2220,201,0.4,41.8,0.7,13.6,24.4,12.4,29.1,100.0
TH001,EGAT,TH,B,2032,1.0,71.6,2220,217,0.4,41.8,0.7,13.6,24.4,12.4,29.1,100.0
TH001,EGAT,TH,B,2033,1.0,72.3,2220,233,0.4,41.8,0.7,13.6,24.4,12.4,29.1,100.0
TH001,EGAT,TH,B,2034,1.0,73.0,2220,249,0.5,41.8,0.7,13.6,24.3,12.4,29.1,100.0
TH001,EGAT,TH,B,2035,1.0,73.7,2220,265,0.5,41.8,0.7,13.6,24.3,12.4,29.1,100.0
TH001,EGAT,TH,C,2025,1.0,66.7,2220,106,0.2,41.8,0.7,13.6,24.5,12.4,29.1,0
TH001,EGAT,TH,C,2026,1.0,67.4,2220,127,0.2,41.8,0.7,13.6,24.4,12.4,29.1,100.0
TH001,EGAT,TH,C,2027,1.0,68.1,2220,148,0.3,41.8,0.7,13.6,24.4,12.4,29.1,100.0
TH001,EGAT,TH,C,2028,1.0,68.8,2220,170,0.3,41.8,0.7,13.6,24.4,12.4,29.1,100.0
TH001,EGAT,TH,C,2029,1.0,69.5,2220,191,0.4,41.8,0.7,13.6,24.4,12.4,29.1,100.0
TH001,EGAT,TH,C,2030,1.0,70.1,2220,212,0.4,41.8,0.7,13.6,24.4,12.4,29.1,100.0
TH001,EGAT,TH,C,2031,1.0,70.9,2220,233,0.4,41.8,0.7,13.6,24.4,12.4,29.1,100.0
TH001,EGAT,TH,C,2032,1.0,71.6,2220,254,0.5,41.8,0.7,13.6,24.3,12.4,29.1,100.0
TH001,EGAT,TH,C,2033,1.0,72.3,2220,276,0.5,41.8,0.7,13.6,24.3,12.4,29.1,100.0
TH001,EGAT,TH,C,2034,1.0,73.0,2220,297,0.6,41.8,0.7,13.6,24.3,12.4,29.1,100.0
TH001,EGAT,TH,C,2035,1.0,73.7,2220,318,0.6,41.8,0.7,13.6,24.3,12.4,29.1,100.0
TH001,EGAT,TH,D,2025,0.0,66.7,2220,106,0.2,41.8,0.7,13.6,24.5,12.4,29.1,0
TH001,EGAT,TH,D,2026,0.0,66.7,2220,127,0.2,41.8,0.7,13.6,24.4,12.4,29.1,0.0
TH001,EGAT,TH,D,2027,0.0,66.7,2220,148,0.3,41.8,0.7,13.6,24.4,12.4,29.1,0.0
TH001,EGAT,TH,D,2028,0.0,66.7,2220,170,0.3,41.8,0.7,13.6,24.4,12.4,29.1,0.0
TH001,EGAT,TH,D,2029,0.0,66.7,2220,191,0.4,41.8,0.7,13.6,24.4,12.4,29.1,0.0
TH001,EGAT,TH,D,2030,0.0,66.7,2220,212,0.4,41.8,0.7,13.6,24.4,12.4,29.1,0.0
TH001,EGAT,TH,D,2031,0.0,66.7,2220,233,0.4,41.8,0.7,13.6,24.4,12.4,29.1,0.0
TH001,EGAT,TH,D,2032,0.0,66.7,2220,254,0.5,41.8,0.7,13.6,24.3,12.4,29.1,0.0
TH001,EGAT,TH,D,2033,0.0,66.7,2220,276,0.5,41.8,0.7,13.6,24.3,12.4,29.1,0.0
TH001,EGAT,TH,D,2034,0.0,66.7,2220,297,0.6,41.8,0.7,13.6,24.3,12.4,29.1,0.0
TH001,EGAT,TH,D,2035,0.0,66.7,2220,318,0.6,41.8,0.7,13.6,24.3,12.4,29.1,0.0
TH003,GPSC,TH,A,2025,3.0,25.6,900,4667,9.0,12.3,0.55,4.3,16.9,3.9,8.9,0
TH003,GPSC,TH,A,2026,3.0,26.4,900,5134,9.9,12.3,0.533,4.2,15.9,3.8,8.7,85.4
TH003,GPSC,TH,A,2027,3.0,27.2,900,5600,10.8,12.3,0.52,4.1,15.1,3.7,8.6,86.6
TH003,GPSC,TH,A,2028,3.0,28.0,900,6067,11.7,12.3,0.509,4.0,14.3,3.7,8.6,88.0
TH003,GPSC,TH,A,2029,3.0,28.8,900,6534,12.6,12.3,0.501,4.0,13.7,3.6,8.5,89.3
TH003,GPSC,TH,A,2030,3.0,29.7,900,7000,13.5,12.3,0.497,3.9,13.2,3.6,8.5,90.6
TH003,GPSC,TH,A,2031,3.0,30.6,900,7467,14.4,12.3,0.495,3.9,12.8,3.6,8.5,92.0
TH003,GPSC,TH,A,2032,3.0,31.5,900,7934,15.3,12.3,0.498,3.9,12.5,3.6,8.5,93.4
TH003,GPSC,TH,A,2033,3.0,32.4,900,8401,16.2,12.3,0.503,4.0,12.2,3.6,8.5,94.9
TH003,GPSC,TH,A,2034,3.0,33.4,900,8867,17.1,12.3,0.513,4.0,12.1,3.7,8.6,96.4
TH003,GPSC,TH,A,2035,3.0,34.4,900,9334,18.0,12.3,0.526,4.1,12.0,3.8,8.7,97.9
TH003,GPSC,TH,B,2025,1.0,25.6,900,4667,9.0,12.3,0.55,4.3,16.9,3.9,8.9,0
TH003,GPSC,TH,B,2026,1.0,25.9,900,5367,10.3,12.3,0.411,3.2,12.5,3.0,7.9,19.0
TH003,GPSC,TH,B,2027,1.0,26.1,900,6067,11.7,12.3,0.4,3.2,11.6,2.9,7.8,19.1
TH003,GPSC,TH,B,2028,1.0,26.4,900,6767,13.0,12.3,0.4,3.2,11.1,2.9,7.8,19.2
TH003,GPSC,TH,B,2029,1.0,26.6,900,7467,14.4,12.3,0.4,3.2,10.6,2.9,7.8,19.3
TH003,GPSC,TH,B,2030,1.0,26.9,900,8167,15.7,12.3,0.4,3.2,10.1,2.9,7.8,19.4
TH003,GPSC,TH,B,2031,1.0,27.2,900,8867,17.1,12.3,0.4,3.2,9.7,2.9,7.8,19.5
TH003,GPSC,TH,B,2032,1.0,27.4,900,9567,18.4,12.3,0.4,3.2,9.3,2.9,7.8,19.5
TH003,GPSC,TH,B,2033,1.0,27.7,900,10267,19.8,12.3,0.4,3.2,9.0,2.9,7.8,19.6
TH003,GPSC,TH,B,2034,1.0,28.0,900,10967,21.1,12.3,0.4,3.2,8.6,2.9,7.8,19.7
TH003,GPSC,TH,B,2035,1.0,28.3,900,11668,22.5,12.3,0.4,3.2,8.3,2.9,7.8,19.8
TH003,GPSC,TH,C,2025,1.0,25.6,900,4667,9.0,12.3,0.55,4.3,16.9,3.9,8.9,0
TH003,GPSC,TH,C,2026,1.0,25.9,900,5600,10.8,12.3,0.4,3.2,12.0,2.9,7.8,14.2
TH003,GPSC,TH,C,2027,1.0,26.1,900,6534,12.6,12.3,0.4,3.2,11.3,2.9,7.8,14.3
TH003,GPSC,TH,C,2028,1.0,26.4,900,7467,14.4,12.3,0.4,3.2,10.6,2.9,7.8,14.4
TH003,GPSC,TH,C,2029,1.0,26.6,900,8401,16.2,12.3,0.4,3.2,10.0,2.9,7.8,14.4
TH003,GPSC,TH,C,2030,1.0,26.9,900,9334,18.0,12.3,0.4,3.2,9.4,2.9,7.8,14.5
TH003,GPSC,TH,C,2031,1.0,27.2,900,10267,19.8,12.3,0.4,3.2,9.0,2.9,7.8,14.6
TH003,GPSC,TH,C,2032,1.0,27.4,900,11201,21.6,12.3,0.4,3.2,8.5,2.9,7.8,14.7
TH003,GPSC,TH,C,2033,1.0,27.7,900,12134,23.4,12.3,0.4,3.2,8.1,2.9,7.8,14.7
TH003,GPSC,TH,C,2034,1.0,28.0,900,13068,25.2,12.3,0.4,3.2,7.8,2.9,7.8,14.8
TH003,GPSC,TH,C,2035,1.0,28.3,900,14001,27.0,12.3,0.4,3.2,7.4,2.9,7.8,14.9
TH003,GPSC,TH,D,2025,0.0,25.6,900,4667,9.0,12.3,0.55,4.3,16.9,3.9,8.9,0
TH003,GPSC,TH,D,2026,0.0,25.6,900,5600,10.8,12.3,0.4,3.2,12.0,2.9,7.8,0.0
TH003,GPSC,TH,D,2027,0.0,25.6,900,6534,12.6,12.3,0.4,3.2,11.3,2.9,7.8,0.0
TH003,GPSC,TH,D,2028,0.0,25.6,900,7467,14.4,12.3,0.4,3.2,10.6,2.9,7.8,0.0
TH003,GPSC,TH,D,2029,0.0,25.6,900,8401,16.2,12.3,0.4,3.2,10.0,2.9,7.8,0.0
TH003,GPSC,TH,D,2030,0.0,25.6,900,9334,18.0,12.3,0.4,3.2,9.4,2.9,7.8,0.0
TH003,GPSC,TH,D,2031,0.0,25.6,900,10267,19.8,12.3,0.4,3.2,9.0,2.9,7.8,0.0
TH003,GPSC,TH,D,2032,0.0,25.6,900,11201,21.6,12.3,0.4,3.2,8.5,2.9,7.8,0.0
TH003,GPSC,TH,D,2033,0.0,25.6,900,12134,23.4,12.3,0.4,3.2,8.1,2.9,7.8,0.0
TH003,GPSC,TH,D,2034,0.0,25.6,900,13068,25.2,12.3,0.4,3.2,7.8,2.9,7.8,0.0
TH003,GPSC,TH,D,2035,0.0,25.6,900,14001,27.0,12.3,0.4,3.2,7.4,2.9,7.8,0.0
TH004,RATCH Group,TH,A,2025,3.0,47.5,742,905,1.7,25.3,0.7,4.5,14.4,4.1,14.3,0
TH004,RATCH Group,TH,A,2026,3.0,48.9,742,996,1.9,25.3,0.7,4.5,14.3,4.1,14.3,100.0
TH004,RATCH Group,TH,A,2027,3.0,50.4,742,1086,2.1,25.3,0.7,4.5,14.2,4.1,14.3,100.0
TH004,RATCH Group,TH,A,2028,3.0,51.9,742,1176,2.3,25.3,0.7,4.5,14.2,4.1,14.3,100.0
TH004,RATCH Group,TH,A,2029,3.0,53.5,742,1267,2.4,25.3,0.7,4.5,14.1,4.1,14.3,100.0
TH004,RATCH Group,TH,A,2030,3.0,55.1,742,1358,2.6,25.3,0.7,4.5,14.0,4.1,14.3,100.0
TH004,RATCH Group,TH,A,2031,3.0,56.7,742,1448,2.8,25.3,0.7,4.5,13.9,4.1,14.3,100.0
TH004,RATCH Group,TH,A,2032,3.0,58.4,742,1538,3.0,25.3,0.7,4.5,13.9,4.1,14.3,100.0
TH004,RATCH Group,TH,A,2033,3.0,60.2,742,1629,3.1,25.3,0.7,4.5,13.8,4.1,14.3,100.0
TH004,RATCH Group,TH,A,2034,3.0,62.0,742,1720,3.3,25.3,0.7,4.5,13.7,4.1,14.3,100.0
TH004,RATCH Group,TH,A,2035,3.0,63.8,742,1810,3.5,25.3,0.7,4.5,13.6,4.1,14.3,100.0
TH004,RATCH Group,TH,B,2025,1.0,47.5,742,905,1.7,25.3,0.7,4.5,14.4,4.1,14.3,0
TH004,RATCH Group,TH,B,2026,1.0,48.0,742,1041,2.0,25.3,0.7,4.5,14.3,4.1,14.3,100.0
TH004,RATCH Group,TH,B,2027,1.0,48.5,742,1176,2.3,25.3,0.7,4.5,14.2,4.1,14.3,100.0
TH004,RATCH Group,TH,B,2028,1.0,48.9,742,1312,2.5,25.3,0.7,4.5,14.0,4.1,14.3,100.0
TH004,RATCH Group,TH,B,2029,1.0,49.4,742,1448,2.8,25.3,0.7,4.5,13.9,4.1,14.3,100.0
TH004,RATCH Group,TH,B,2030,1.0,49.9,742,1584,3.1,25.3,0.7,4.5,13.8,4.1,14.3,100.0
TH004,RATCH Group,TH,B,2031,1.0,50.4,742,1720,3.3,25.3,0.7,4.5,13.7,4.1,14.3,100.0
TH004,RATCH Group,TH,B,2032,1.0,50.9,742,1855,3.6,25.3,0.7,4.5,13.6,4.1,14.3,100.0
TH004,RATCH Group,TH,B,2033,1.0,51.4,742,1991,3.8,25.3,0.7,4.5,13.5,4.1,14.3,100.0
TH004,RATCH Group,TH,B,2034,1.0,52.0,742,2127,4.1,25.3,0.7,4.5,13.4,4.1,14.3,100.0
TH004,RATCH Group,TH,B,2035,1.0,52.5,742,2262,4.4,25.3,0.7,4.5,13.3,4.1,14.3,100.0
TH004,RATCH Group,TH,C,2025,1.0,47.5,742,905,1.7,25.3,0.7,4.5,14.4,4.1,14.3,0
TH004,RATCH Group,TH,C,2026,1.0,48.0,742,1086,2.1,25.3,0.7,4.5,14.2,4.1,14.3,100.0
TH004,RATCH Group,TH,C,2027,1.0,48.5,742,1267,2.4,25.3,0.7,4.5,14.1,4.1,14.3,100.0
TH004,RATCH Group,TH,C,2028,1.0,48.9,742,1448,2.8,25.3,0.7,4.5,13.9,4.1,14.3,100.0
TH004,RATCH Group,TH,C,2029,1.0,49.4,742,1629,3.1,25.3,0.7,4.5,13.8,4.1,14.3,100.0
TH004,RATCH Group,TH,C,2030,1.0,49.9,742,1810,3.5,25.3,0.7,4.5,13.6,4.1,14.3,100.0
TH004,RATCH Group,TH,C,2031,1.0,50.4,742,1991,3.8,25.3,0.7,4.5,13.5,4.1,14.3,100.0
TH004,RATCH Group,TH,C,2032,1.0,50.9,742,2172,4.2,25.3,0.7,4.5,13.4,4.1,14.3,100.0
TH004,RATCH Group,TH,C,2033,1.0,51.4,742,2353,4.5,25.3,0.7,4.5,13.2,4.1,14.3,100.0
TH004,RATCH Group,TH,C,2034,1.0,52.0,742,2534,4.9,25.3,0.7,4.5,13.1,4.1,14.3,100.0
TH004,RATCH Group,TH,C,2035,1.0,52.5,742,2715,5.2,25.3,0.7,4.5,13.0,4.1,14.3,100.0
TH004,RATCH Group,TH,D,2025,0.0,47.5,742,905,1.7,25.3,0.7,4.5,14.4,4.1,14.3,0
TH004,RATCH Group,TH,D,2026,0.0,47.5,742,1086,2.1,25.3,0.7,4.5,14.2,4.1,14.3,0.0
TH004,RATCH Group,TH,D,2027,0.0,47.5,742,1267,2.4,25.3,0.7,4.5,14.1,4.1,14.3,0.0
TH004,RATCH Group,TH,D,2028,0.0,47.5,742,1448,2.8,25.3,0.7,4.5,13.9,4.1,14.3,0.0
TH004,RATCH Group,TH,D,2029,0.0,47.5,742,1629,3.1,25.3,0.7,4.5,13.8,4.1,14.3,0.0
TH004,RATCH Group,TH,D,2030,0.0,47.5,742,1810,3.5,25.3,0.7,4.5,13.6,4.1,14.3,0.0
TH004,RATCH Group,TH,D,2031,0.0,47.5,742,1991,3.8,25.3,0.7,4.5,13.5,4.1,14.3,0.0
TH004,RATCH Group,TH,D,2032,0.0,47.5,742,2172,4.2,25.3,0.7,4.5,13.4,4.1,14.3,0.0
TH004,RATCH Group,TH,D,2033,0.0,47.5,742,2353,4.5,25.3,0.7,4.5,13.2,4.1,14.3,0.0
TH004,RATCH Group,TH,D,2034,0.0,47.5,742,2534,4.9,25.3,0.7,4.5,13.1,4.1,14.3,0.0
TH004,RATCH Group,TH,D,2035,0.0,47.5,742,2715,5.2,25.3,0.7,4.5,13.0,4.1,14.3,0.0
VN001,EVN,VN,A,2025,7.0,86.8,12678,2000,3.9,21.9,0.55,61.1,70.3,55.6,64.3,0
VN001,EVN,VN,A,2026,7.0,92.9,12678,2200,4.2,21.9,0.601,66.8,71.9,60.8,69.5,100.0
VN001,EVN,VN,A,2027,7.0,99.4,12678,2400,4.6,21.9,0.656,72.9,73.3,66.3,75.1,100.0
VN001,EVN,VN,A,2028,7.0,106.4,12678,2600,5.0,21.9,0.7,77.7,74.3,70.7,79.5,100.0
VN001,EVN,VN,A,2029,7.0,113.8,12678,2800,5.4,21.9,0.7,77.7,74.0,70.7,79.5,100.0
VN001,EVN,VN,A,2030,7.0,121.8,12678,3000,5.8,21.9,0.7,77.7,73.7,70.7,79.5,100.0
VN001,EVN,VN,A,2031,7.0,130.3,12678,3200,6.2,21.9,0.7,77.7,73.5,70.7,79.5,100.0
VN001,EVN,VN,A,2032,7.0,139.4,12678,3400,6.6,21.9,0.7,77.7,73.2,70.7,79.5,100.0
VN001,EVN,VN,A,2033,7.0,149.2,12678,3600,6.9,21.9,0.7,77.7,72.9,70.7,79.5,100.0
VN001,EVN,VN,A,2034,7.0,159.6,12678,3800,7.3,21.9,0.7,77.7,72.7,70.7,79.5,100.0
VN001,EVN,VN,A,2035,7.0,170.8,12678,4000,7.7,21.9,0.7,77.7,72.4,70.7,79.5,100.0
VN001,EVN,VN,B,2025,5.0,86.8,12678,2000,3.9,21.9,0.55,61.1,70.3,55.6,64.3,0
VN001,EVN,VN,B,2026,5.0,91.2,12678,2300,4.4,21.9,0.584,64.8,71.1,59.0,67.8,100.0
VN001,EVN,VN,B,2027,5.0,95.7,12678,2600,5.0,21.9,0.62,68.8,71.9,62.6,71.4,100.0
VN001,EVN,VN,B,2028,5.0,100.5,12678,2900,5.6,21.9,0.658,73.0,72.7,66.5,75.2,100.0
VN001,EVN,VN,B,2029,5.0,105.6,12678,3200,6.2,21.9,0.698,77.5,73.4,70.5,79.3,100.0
VN001,EVN,VN,B,2030,5.0,110.8,12678,3500,6.7,21.9,0.7,77.7,73.1,70.7,79.5,100.0
VN001,EVN,VN,B,2031,5.0,116.4,12678,3800,7.3,21.9,0.7,77.7,72.7,70.7,79.5,100.0
VN001,EVN,VN,B,2032,5.0,122.2,12678,4100,7.9,21.9,0.7,77.7,72.3,70.7,79.5,100.0
VN001,EVN,VN,B,2033,5.0,128.3,12678,4400,8.5,21.9,0.7,77.7,71.9,70.7,79.5,100.0
VN001,EVN,VN,B,2034,5.0,134.7,12678,4700,9.1,21.9,0.7,77.7,71.5,70.7,79.5,100.0
VN001,EVN,VN,B,2035,5.0,141.4,12678,5000,9.6,21.9,0.7,77.7,71.1,70.7,79.5,100.0
VN001,EVN,VN,C,2025,4.0,86.8,12678,2000,3.9,21.9,0.55,61.1,70.3,55.6,64.3,0
VN001,EVN,VN,C,2026,4.0,90.3,12678,2400,4.6,21.9,0.574,63.8,70.6,58.0,66.8,100.0
VN001,EVN,VN,C,2027,4.0,93.9,12678,2800,5.4,21.9,0.6,66.6,70.9,60.6,69.4,100.0
VN001,EVN,VN,C,2028,4.0,97.7,12678,3200,6.2,21.9,0.627,69.6,71.3,63.3,72.1,100.0
VN001,EVN,VN,C,2029,4.0,101.6,12678,3600,6.9,21.9,0.655,72.7,71.6,66.2,75.0,100.0
VN001,EVN,VN,C,2030,4.0,105.7,12678,4000,7.7,21.9,0.685,76.0,72.0,69.2,78.0,100.0
VN001,EVN,VN,C,2031,4.0,109.9,12678,4400,8.5,21.9,0.7,77.7,71.9,70.7,79.5,100.0
VN001,EVN,VN,C,2032,4.0,114.3,12678,4800,9.3,21.9,0.7,77.7,71.4,70.7,79.5,100.0
VN001,EVN,VN,C,2033,4.0,118.8,12678,5200,10.0,21.9,0.7,77.7,70.9,70.7,79.5,100.0
VN001,EVN,VN,C,2034,4.0,123.6,12678,5600,10.8,21.9,0.7,77.7,70.4,70.7,79.5,100.0
VN001,EVN,VN,C,2035,4.0,128.5,12678,6000,11.6,21.9,0.7,77.7,69.9,70.7,79.5,100.0
VN001,EVN,VN,D,2025,0.0,86.8,12678,2000,3.9,21.9,0.55,61.1,70.3,55.6,64.3,0
VN001,EVN,VN,D,2026,0.0,86.8,12678,2400,4.6,21.9,0.543,60.3,69.5,54.9,63.6,0.0
VN001,EVN,VN,D,2027,0.0,86.8,12678,2800,5.4,21.9,0.536,59.5,68.6,54.2,62.9,0.0
VN001,EVN,VN,D,2028,0.0,86.8,12678,3200,6.2,21.9,0.529,58.8,67.7,53.5,62.2,0.0
VN001,EVN,VN,D,2029,0.0,86.8,12678,3600,6.9,21.9,0.522,58.0,66.8,52.8,61.5,0.0
VN001,EVN,VN,D,2030,0.0,86.8,12678,4000,7.7,21.9,0.515,57.2,65.9,52.1,60.8,0.0
VN001,EVN,VN,D,2031,0.0,86.8,12678,4400,8.5,21.9,0.508,56.5,65.0,51.4,60.1,0.0
VN001,EVN,VN,D,2032,0.0,86.8,12678,4800,9.3,21.9,0.501,55.7,64.1,50.7,59.4,0.0
VN001,EVN,VN,D,2033,0.0,86.8,12678,5200,10.0,21.9,0.494,54.9,63.2,50.0,58.7,0.0
VN001,EVN,VN,D,2034,0.0,86.8,12678,5600,10.8,21.9,0.488,54.1,62.4,49.3,58.0,0.0
VN001,EVN,VN,D,2035,0.0,86.8,12678,6000,11.6,21.9,0.481,53.4,61.5,48.6,57.3,0.0
